{
  "version": 1,
  "author": "KRIPA MARY JOSE 2348526",
  "editor": "wokwi",
  "parts": [
    { "type": "board-esp32-devkit-c-v4", "id": "esp", "top": 0, "left": -71.96, "attrs": {} },
    { "type": "wokwi-led", "id": "led1", "top": -51.6, "left": 119, "attrs": { "color": "red" } },
    {
      "type": "wokwi-resistor",
      "id": "r1",
      "top": 51.95,
      "left": 76.8,
      "attrs": { "value": "1000" }
    }
  ],
  "connections": [
    [ "esp:TX", "$serialMonitor:RX", "", [] ],
    [ "esp:RX", "$serialMonitor:TX", "", [] ],
    [ "esp:2", "r1:1", "green", [ "h48", "v-105.6" ] ],
    [ "led1:A", "r1:2", "green", [ "v0" ] ],
    [ "esp:GND.2", "led1:C", "black", [ "v-38.4", "h105.6" ] ]
  ],
  "dependencies": {}
}