{
  "version": 1,
  "author": "KRIPA MARY JOSE 2348526",
  "editor": "wokwi",
  "parts": [
    { "type": "wokwi-arduino-uno", "id": "uno", "top": 48.6, "left": 9, "attrs": {} },
    {
      "type": "wokwi-resistor",
      "id": "r1",
      "top": -24.85,
      "left": 48,
      "attrs": { "value": "1000" }
    },
    { "type": "wokwi-hc-sr04", "id": "ultrasonic1", "top": -113.7, "left": 149.5, "attrs": {} },
    {
      "type": "wokwi-led",
      "id": "led1",
      "top": -109.2,
      "left": -5.8,
      "attrs": { "color": "red" }
    },
    {
      "type": "wokwi-buzzer",
      "id": "bz1",
      "top": -74.4,
      "left": -103.8,
      "attrs": { "volume": "0.1" }
    }
  ],
  "connections": [
    [ "ultrasonic1:TRIG", "uno:13", "green", [ "v76.8", "h-106" ] ],
    [ "ultrasonic1:ECHO", "uno:12", "green", [ "v76.8", "h-106.4" ] ],
    [ "led1:A", "r1:1", "green", [ "v48", "h28.8" ] ],
    [ "ultrasonic1:VCC", "uno:VIN", "red", [ "v259.2", "h-28.8" ] ],
    [ "ultrasonic1:GND", "uno:GND.1", "black", [ "v76.8", "h-126" ] ],
    [ "r1:2", "uno:2", "green", [ "v76.8", "h142.8" ] ],
    [ "led1:C", "uno:GND.1", "green", [ "v124.8", "h115.6" ] ],
    [ "bz1:1", "uno:GND.1", "green", [ "v48", "h201.6" ] ],
    [ "bz1:2", "uno:10", "green", [ "v48", "h230" ] ]
  ],
  "dependencies": {}
}