{
  "version": 1,
  "author": "KRIPA MARY JOSE 2348526",
  "editor": "wokwi",
  "parts": [
    { "type": "wokwi-arduino-uno", "id": "uno", "top": 0.6, "left": -0.6, "attrs": {} },
    {
      "type": "wokwi-led",
      "id": "led1",
      "top": -147.6,
      "left": 99.8,
      "attrs": { "color": "red" }
    },
    {
      "type": "wokwi-led",
      "id": "led2",
      "top": -147.6,
      "left": 243.8,
      "attrs": { "color": "limegreen" }
    },
    {
      "type": "wokwi-led",
      "id": "led3",
      "top": -147.6,
      "left": 176.6,
      "attrs": { "color": "yellow" }
    },
    {
      "type": "wokwi-led",
      "id": "led5",
      "top": -61.2,
      "left": -140.2,
      "attrs": { "color": "red" }
    },
    {
      "type": "wokwi-led",
      "id": "led6",
      "top": -3.6,
      "left": -140.2,
      "attrs": { "color": "yellow" }
    },
    {
      "type": "wokwi-resistor",
      "id": "r1",
      "top": -72.85,
      "left": 96,
      "attrs": { "value": "1000" }
    },
    {
      "type": "wokwi-resistor",
      "id": "r2",
      "top": -82.45,
      "left": 163.2,
      "attrs": { "value": "1000" }
    },
    {
      "type": "wokwi-resistor",
      "id": "r3",
      "top": 23.15,
      "left": -67.2,
      "attrs": { "value": "1000" }
    },
    {
      "type": "wokwi-resistor",
      "id": "r4",
      "top": -82.45,
      "left": 249.6,
      "attrs": { "value": "1000" }
    },
    {
      "type": "wokwi-resistor",
      "id": "r5",
      "top": 90.35,
      "left": -67.2,
      "attrs": { "value": "1000" }
    },
    {
      "type": "wokwi-resistor",
      "id": "r6",
      "top": -44.05,
      "left": -48,
      "attrs": { "value": "1000" }
    },
    {
      "type": "wokwi-led",
      "id": "led4",
      "top": 73.2,
      "left": -140.2,
      "attrs": { "color": "limegreen" }
    }
  ],
  "connections": [
    [ "led2:C", "uno:GND.1", "green", [ "v0" ] ],
    [ "led3:C", "uno:GND.1", "green", [ "v0" ] ],
    [ "led1:C", "uno:GND.1", "green", [ "v0" ] ],
    [ "led5:C", "uno:GND.1", "green", [ "v0" ] ],
    [ "led6:C", "uno:GND.1", "green", [ "v0" ] ],
    [ "led4:C", "uno:GND.1", "green", [ "v0" ] ],
    [ "r1:1", "led1:A", "green", [ "v0" ] ],
    [ "r1:2", "uno:8", "green", [ "v0" ] ],
    [ "led3:A", "r2:1", "green", [ "v0" ] ],
    [ "r2:2", "uno:9", "green", [ "v0" ] ],
    [ "led2:A", "r4:1", "green", [ "v0" ] ],
    [ "r4:2", "uno:10", "green", [ "v0" ] ],
    [ "led5:A", "r6:1", "green", [ "v0" ] ],
    [ "led6:A", "r3:1", "green", [ "v0" ] ],
    [ "led4:A", "r5:1", "green", [ "v0" ] ],
    [ "r6:2", "uno:4", "green", [ "v0" ] ],
    [ "r3:2", "uno:5", "green", [ "v0" ] ],
    [ "r5:2", "uno:6", "green", [ "v0" ] ]
  ],
  "dependencies": {}
}