{
  "version": 1,
  "author": "VIKASH KRISHNA R 2348571",
  "editor": "wokwi",
  "parts": [
    { "type": "board-esp32-devkit-c-v4", "id": "esp", "top": 57.6, "left": 4.84, "attrs": {} },
    { "type": "wokwi-servo", "id": "servo1", "top": -59.6, "left": 48, "attrs": {} },
    { "type": "wokwi-relay-module", "id": "relay1", "top": 96.2, "left": 153.6, "attrs": {} }
  ],
  "connections": [
    [ "esp:TX", "$serialMonitor:RX", "", [] ],
    [ "esp:RX", "$serialMonitor:TX", "", [] ],
    [ "servo1:GND", "esp:GND.1", "black", [ "h-96", "v220.8" ] ],
    [ "servo1:V+", "esp:5V", "green", [ "h-86.4", "v259.3" ] ],
    [ "servo1:PWM", "esp:4", "green", [ "h0", "v29", "h76.8", "v163.2" ] ],
    [ "relay1:VCC", "esp:5V", "red", [ "h-19.2", "v172.8", "h-124.8" ] ],
    [ "relay1:GND", "esp:GND.2", "black", [ "h-19.2", "v-38.8" ] ],
    [ "relay1:IN", "esp:2", "green", [ "h0", "v95.8" ] ]
  ],
  "dependencies": {}
}