{
  "version": 1,
  "author": "ภาณุพงศ์ เลี่ยนกัตวา",
  "editor": "wokwi",
  "parts": [
    {
      "type": "board-esp32-devkit-c-v4",
      "id": "esp",
      "top": 0,
      "left": 0,
      "attrs": { "env": "micropython-20231005-v1.21.0" }
    },
    {
      "type": "wokwi-buzzer",
      "id": "bz1",
      "top": -74.4,
      "left": 193.8,
      "attrs": { "volume": "0.1" }
    },
    {
      "type": "wokwi-hc-sr04",
      "id": "ultrasonic1",
      "top": -84.9,
      "left": -244.1,
      "attrs": { "distance": "39" }
    }
  ],
  "connections": [
    [ "esp:TX", "$serialMonitor:RX", "", [] ],
    [ "esp:RX", "$serialMonitor:TX", "", [] ],
    [ "bz1:1", "esp:GND.2", "green", [ "v19.2", "h-124.8" ] ],
    [ "bz1:2", "esp:21", "green", [ "v0" ] ],
    [ "esp:5", "ultrasonic1:TRIG", "green", [ "h0" ] ],
    [ "esp:18", "ultrasonic1:ECHO", "green", [ "h0" ] ],
    [ "ultrasonic1:VCC", "esp:5V", "red", [ "v0" ] ],
    [ "esp:GND.1", "ultrasonic1:GND", "black", [ "h0" ] ]
  ],
  "dependencies": {}
}